pdbid,ligand_id,ligand_resnum,rna_chain,ligand_chain
1aju,ARG,47,A,B
1akx,ARG,47,A,B
1am0,AMP,41,A,B
1arj,ARG,1,N,B
1eht,TEP,34,A,B
1ei2,NMY,26,A,B
1evv,SPM,501,A,L
1f1t,ROS,101,A,J
1f27,BTN,33,A,H
1fmn,FMN,36,A,B
1fuf,SPM,98,B,D
1fyp,PAR,28,A,B
1hnw,TAC,1632,A,MD
1hnz,HYG,1632,A,MD
1i2y,SPM,300,D,G
1i95,EDE,2001,A,JC
1i97,TAC,2001,A,KC
1i97,TAC,2003,A,LC
1i9v,NMY,200,A,B
1ibk,PAR,1545,A,W
1ibl,PAR,1545,A,Y
1j5a,CTY,2881,A,E
1j7t,PAR,45,A,C
1j7t,PAR,46,B,D
1j8g,SPM,62,A,E
1jzx,CLY,2881,A,E
1jzy,ERY,2881,A,E
1jzz,ROX,2881,A,E
1k01,CLM,2884,A,H
1k73,ANM,9000,A,EA
1koc,ARG,1,B,C
1kod,CIR,1,B,C
1lc4,TOY,47,A,C
1lc4,TOY,48,B,D
1lvj,PMZ,47,A,B
1m90,SPS,9080,5,WH
1mwl,GET,45,A,C
1mwl,GET,46,A,D
1n32,PAR,1545,A,X
1n33,PAR,1545,A,X
1n7a,SPM,502,B,Q
1n7a,SPM,501,H,S
1n7b,SPM,502,B,Q
1n7b,SPM,501,H,S
1n8r,VIR,9403,A,EA
1nji,CLM,9001,A,NH
1njm,SPS,2881,0,E
1njn,SPS,2881,0,B
1nta,SRY,26,A,F
1ntb,SRY,25,A,E
1nwx,773,2881,0,FA
1o15,TEP,34,A,B
1p9x,TEL,2881,0,B
1q8n,MGR,39,A,B
1raw,AMP,37,A,B
1tn1,SPM,77,A,B
1tn2,SPM,77,A,B
1uts,P13,1046,B,B
1uud,P14,1046,B,B
1uui,P12,1046,B,B
1vvj,PAR,1661,QA,OF
1vvj,PAR,1664,XA,UQ
1xbp,MUL,2881,0,FA
1xmo,PAR,1545,A,X
1xnq,PAR,1545,A,X
1xnr,PAR,1545,A,X
1xpf,SPM,108,A,H
1yi2,ERY,9000,0,FA
1yjn,CLY,9000,0,FA
1ykv,DAI,100,A,E
1ykv,DAI,100,C,J
1yls,DAI,100,A,E
1yls,DAI,100,C,M
1yrj,AM2,151,A,C
1yrj,AM2,150,B,E
1z58,RAP,2881,2,B
1zz5,CNY,42,A,F
1zz5,CNY,43,A,G
1zz5,CNY,41,C,H
1zz5,CNY,44,C,I
2a04,NMY,17,A,E
2a04,NMY,18,A,F
2a04,NMY,1,C,H
2a04,NMY,17,C,I
2au4,GTP,42,A,B
2be0,JS5,50,A,C
2be0,JS5,51,B,D
2bee,JS4,50,A,C
2bee,JS4,51,B,D
2cky,TPP,1084,A,I
2cky,TPP,1082,B,R
2esi,KAN,50,A,D
2esj,LIV,50,A,C
2esj,LIV,51,B,D
2et3,LLL,50,A,C
2et3,LLL,51,B,D
2et4,NMY,50,A,C
2et4,NMY,51,B,D
2et8,XXX,51,B,C
2f4s,XXX,501,B,C
2f4t,AB9,1,B,C
2f4u,AB6,41,B,C
2f4v,AB9,1637,A,CE
2f4v,D2C,1636,A,BE
2g5k,AM2,102,A,C
2g5k,AM2,101,B,F
2gdi,TPP,100,X,K
2gdi,TPP,100,Y,O
2gis,SAM,301,A,H
2hhh,KSG,1523,A,V
2ho7,G6P,401,A,C
2hoj,TPP,114,A,P
2hol,TPP,105,A,P
2hom,TPS,97,A,H
2hoo,BFT,95,A,I
2hop,218,92,A,F
2juk,G0B,23,A,B
2kd4,PRL,17,A,C
2kd4,PRL,17,B,D
2kgp,MIX,26,A,B
2ktz,ISH,39,A,B
2ku0,ISI,39,A,B
2kx8,ARG,392,A,B
2kxm,RIO,101,A,B
2l1v,PRF,37,A,B
2l94,L94,46,A,B
2lwk,0EC,101,A,B
2m4q,AM2,101,1,B
2miy,PRF,101,A,B
2mxs,PAR,101,A,B
2n0j,RIO,101,A,B
2nz4,GLP,5001,P,M
2nz4,GLP,5002,F,R
2nz4,GLP,5003,G,W
2nz4,GLP,5004,H,BA
2o3v,N33,50,A,C
2o3w,PAR,101,B,C
2o3x,N30,1,B,C
2o3y,SPM,51,A,C
2o43,ERN,2881,A,B
2o44,JOS,2881,A,B
2o45,RU6,2881,A,B
2oe5,AM2,101,B,E
2oe8,AM2,101,B,C
2ogn,G80,2881,0,C
2ogo,G34,0,0,C
2pwt,LHA,51,A,C
2pwt,LHA,50,B,D
2pwt,LHA,55,B,E
2qwy,SAM,100,A,H
2qwy,SAM,300,B,K
2qwy,SAM,500,C,O
2tra,SPM,76,A,B
2uu9,PAR,1601,A,X
2uua,PAR,1601,A,X
2uub,PAR,1601,A,X
2uuc,PAR,1601,A,X
2uxb,PAR,3001,A,X
2uxc,PAR,2001,A,X
2uxd,PAR,3001,A,X
2vqe,PAR,1854,A,QJ
2vqf,PAR,1601,A,X
2ydh,SAM,1100,A,G
2ygh,SAM,1096,A,B
2yie,FMN,1114,Z,L
3b4a,GLP,401,A,C
3b4b,GLP,201,A,C
3b4c,GLP,201,A,C
3bnq,PAR,101,C,I
3bnr,PAR,24,C,F
3cc4,ANM,2924,0,SL
3cxc,SLD,9500,0,FA
3d2g,TPP,83,A,H
3d2g,TPP,83,B,N
3d2v,PYI,84,A,I
3d2v,PYI,82,B,N
3d2x,D2X,85,A,J
3d2x,D2X,84,B,Q
3dig,SLZ,175,X,Q
3dil,1PE,252,A,LA
3dim,1PE,280,A,T
3dio,1PE,280,X,HA
3diq,1PE,280,A,M
3diq,HRG,175,A,L
3dir,IEL,175,A,N
3dll,ZLD,2911,X,IB
3ds7,GNG,120,A,I
3ds7,GNG,320,B,Q
3e5c,SAM,216,A,Q
3e5e,SAH,220,A,N
3e5f,EEM,216,A,Q
3egz,CTC,601,B,D
3f2q,FMN,200,X,B
3f2t,FMN,200,X,B
3f2w,FMN,200,X,B
3f2x,FMN,200,X,B
3f2y,FMN,200,X,B
3f30,FMN,200,X,B
3f4e,FMN,200,Y,N
3f4g,RBF,200,Y,M
3f4h,RS3,200,Y,L
3fo4,6GU,91,A,B
3fo6,6GO,91,A,B
3fu2,PRF,101,A,D
3fu2,PRF,101,B,J
3fu2,PRF,101,C,M
3fwo,MT9,2881,A,C
3g4s,MUL,9101,0,XJ
3g6e,HMT,9101,0,BK
3g71,WIN,9101,0,CK
3g8t,GLP,5001,E,M
3g8t,GLP,5002,Q,R
3g8t,GLP,5003,R,V
3g8t,GLP,5004,H,Z
3g96,6MN,12,F,M
3g9c,GLP,5001,E,M
3gca,PQ0,34,A,B
3ger,6GU,91,A,B
3ges,6GO,91,A,B
3gog,6GU,91,A,B
3gx2,SFG,301,A,B
3gx3,SAH,301,A,B
3gx5,SAM,301,A,B
3gx6,SAM,301,A,B
3gx7,SAM,301,A,B
3i56,TAO,2924,0,SL
3iqn,SAM,301,A,L
3iqr,SAM,301,A,K
3irw,C2E,1,R,C
3iwn,C2E,501,A,E
3iwn,C2E,601,B,F
3jq4,LC2,2881,A,C
3k0j,TPP,601,E,G
3k0j,TPP,602,F,N
3k1v,PRF,301,A,B
3l3c,G6P,5001,P,N
3l3c,G6P,5002,Q,S
3l3c,G6P,5003,G,W
3l3c,G6P,5004,H,BA
3mij,R14,30,A,D
3mum,C2E,1,R,C
3mur,C2E,1,R,C
3mut,C2E,1,R,C
3muv,2BA,358,R,C
3mxh,C2E,1,R,D
3npn,SAH,55,A,B
3npq,SAH,55,A,D
3npq,SAH,55,B,J
3npq,SAH,55,C,P
3q3z,C2E,1,V,C
3q3z,C2E,84,V,H
3q3z,C2E,2,A,L
3q3z,C2E,84,A,Q
3q50,PRF,34,A,B
3rkf,DX4,91,A,E
3rkf,DX4,91,B,O
3rkf,DX4,91,C,U
3rkf,DX4,91,D,AA
3s4p,JS6,50,A,C
3s4p,JS6,51,B,D
3sd3,FFO,3631,A,G
3ski,GNG,120,A,C
3ski,GNG,120,B,M
3skl,GNG,120,A,C
3skl,GNG,120,B,J
3skr,GNG,120,A,C
3skr,GNG,120,B,L
3skt,GNG,89,A,C
3skt,GNG,89,B,L
3skw,GNG,120,A,C
3skw,GNG,120,B,L
3skz,GMP,120,A,C
3skz,GMP,120,B,K
3slm,DGP,120,A,C
3slm,DGP,120,B,L
3slq,5GP,120,A,C
3slq,5GP,120,B,I
3suh,FFO,103,X,D
3sux,THF,103,X,C
3t1h,PAR,1783,A,XG
3t1y,PAR,1786,A,AH
3td1,GET,50,B,C
3td1,GET,51,B,D
3tzr,SS0,75,A,K
3v7e,SAM,913,C,Q
3v7e,SAM,407,D,KA
3wru,SJP,101,A,C
3wru,SJP,101,B,D
4aob,SAM,1116,A,W
4aqy,AM2,3002,A,TH
4aqy,AM2,3004,A,VH
4aqy,AM2,3005,A,WH
4b5r,SAM,1095,A,B
4dr2,PAR,1601,A,V
4dr2,PAR,1604,A,Y
4dr2,PAR,1608,A,CA
4dr2,PAR,1611,A,FA
4dr2,PAR,1613,A,HA
4dr2,PAR,1614,A,IA
4dr2,PAR,1616,A,KA
4dr2,PAR,1617,A,LA
4dr4,PAR,1601,A,X
4dr4,PAR,1604,A,AA
4dr4,PAR,1611,A,HA
4dr4,PAR,1613,A,JA
4dr4,PAR,1615,A,LA
4dr4,PAR,1616,A,MA
4dr4,PAR,1618,A,OA
4e8k,EPE,441,A,QA
4e8k,EPE,443,A,SA
4e8k,EPE,446,A,VA
4e8k,EPE,447,A,WA
4e8k,EPE,448,A,XA
4e8k,SPM,445,A,UA
4e8m,EPE,445,A,TA
4e8m,EPE,446,A,UA
4e8m,EPE,447,A,VA
4e8m,EPE,448,A,WA
4e8m,EPE,450,A,YA
4e8m,SPM,443,A,RA
4e8m,SPM,444,A,SA
4e8n,EPE,448,A,WA
4e8n,EPE,450,A,YA
4e8n,SPM,446,A,UA
4e8p,EPE,447,A,VA
4e8p,EPE,448,A,WA
4e8p,EPE,449,A,XA
4e8p,EPE,451,A,ZA
4e8p,SPM,446,A,UA
4e8q,EPE,449,A,XA
4e8q,EPE,450,A,YA
4e8q,EPE,451,A,ZA
4e8q,SPM,448,A,WA
4e8r,EPE,459,A,HB
4e8r,EPE,460,A,IB
4e8r,EPE,461,A,JB
4e8r,EPE,462,A,KB
4e8t,EPE,442,A,RA
4e8t,EPE,444,A,TA
4e8t,EPE,445,A,UA
4e8t,EPE,446,A,VA
4e8t,EPE,447,A,WA
4e8t,SPM,440,A,PA
4e8t,SPM,441,A,QA
4e8v,EPE,452,A,AB
4e8v,EPE,453,A,BB
4e8v,EPE,455,A,DB
4e8v,EPE,456,A,EB
4f8u,SIS,101,A,C
4f8u,SIS,101,B,D
4f8v,SIS,101,A,C
4f8v,SIS,101,B,D
4faq,EPE,447,A,VA
4faq,EPE,448,A,WA
4faq,EPE,450,A,YA
4faq,EPE,451,A,ZA
4faq,EPE,452,A,AB
4faq,SPM,445,A,TA
4faq,SPM,446,A,UA
4far,EPE,447,A,WA
4far,EPE,449,A,YA
4far,EPE,454,A,DB
4far,SPM,452,A,BB
4far,SPM,453,A,CB
4fau,EPE,426,A,AA
4fau,EPE,427,A,BA
4fau,EPE,428,A,CA
4fau,SPM,425,A,Z
4faw,EPE,453,A,CB
4faw,EPE,455,A,EB
4faw,SPM,452,A,BB
4fax,EPE,429,A,DA
4fax,EPE,431,A,FA
4fax,EPE,432,A,GA
4fb0,EPE,443,A,RA
4fb0,EPE,446,A,UA
4fb0,EPE,447,A,VA
4fb0,EPE,449,A,XA
4fb0,SPM,445,A,TA
4gkj,PAR,1785,A,ZG
4gkk,PAR,1785,A,ZG
4gpw,6HS,101,A,C
4gpw,6HS,102,A,D
4gpx,6HS,101,A,C
4gpx,6HS,101,B,D
4gpy,6HS,101,A,C
4gpy,6HS,102,A,D
4jf2,PRF,101,A,B
4jya,PAR,1614,A,KA
4k31,AM2,101,B,C
4k31,AM2,102,C,F
4k32,GET,101,A,C
4k32,GET,101,B,D
4khp,PAR,1601,A,W
4khp,PAR,1605,A,AA
4khp,PAR,1607,A,CA
4kqy,SAM,201,A,B
4kzd,1TU,103,R,G
4l47,PAR,1667,QA,WF
4l47,PAR,1673,XA,TS
4l71,PAR,1666,QA,VF
4l71,PAR,1673,XA,SS
4l81,SAM,101,A,B
4lel,PAR,1671,XA,MS
4lf4,LLL,1749,A,NF
4lf5,HYG,1717,A,HE
4lf6,NMY,1832,A,SI
4lf6,NMY,1837,A,XI
4lf7,PAR,1810,A,WH
4lf7,PAR,1813,A,ZH
4lf7,PAR,1816,A,CI
4lf8,PAR,1810,A,WH
4lf8,PAR,1813,A,ZH
4lf8,PAR,1816,A,CI
4lf9,LLL,1743,A,HF
4lfa,HYG,1716,A,GE
4lfb,NMY,1822,A,II
4lfb,NMY,1824,A,KI
4lfc,TOY,1738,A,CF
4lnt,PAR,1666,QA,VF
4lnt,PAR,1673,XA,SS
4lsk,PAR,1666,QA,VF
4lsk,PAR,1675,XA,RS
4lt8,PAR,1670,QA,ZF
4lt8,PAR,1675,XA,TS
4lvv,FFO,101,A,B
4lvv,FFO,102,A,C
4lvx,H4B,101,A,B
4lvx,H4B,102,A,C
4lvy,LYA,101,A,B
4lvy,LYA,102,A,C
4lx5,29G,501,A,B
4lx6,29H,601,A,B
4nfo,SPM,101,C,D
4nya,2QB,110,A,L
4nya,2QB,107,B,S
4nyb,2QC,101,A,B
4nyg,VIB,101,A,B
4oqu,SAM,101,A,B
4p20,AKN,101,A,C
4p20,AKN,101,B,D
4p3s,GET,101,A,C
4p3s,GET,102,A,D
4p3s,GET,103,A,E
4p5j,SPM,115,A,P
4p6f,PAR,1667,QA,YF
4p6f,PAR,1672,XA,XS
4p70,PAR,1601,QA,ID
4p70,PAR,1601,XA,KQ
4pdq,NMZ,101,B,D
4q9q,2ZZ,103,R,F
4q9r,2ZY,102,R,E
4qk8,2BA,201,A,B
4qk8,2BA,202,A,C
4qk9,2BA,201,A,B
4qk9,2BA,202,A,C
4qka,2BA,201,A,B
4qka,2BA,202,A,C
4qlm,2BA,203,A,D
4qlm,2BA,204,A,E
4qln,2BA,201,A,B
4qln,2BA,202,A,C
4qvi,MES,2204,B,J
4r0d,SPM,701,A,C
4r0d,SPM,702,A,D
4rzd,PRF,201,A,B
4tua,PAR,1696,QA,ZG
4tub,PAR,1681,QA,KG
4tud,PAR,1691,QA,UG
4tue,PAR,1693,QA,WG
4u20,VIF,3001,BA,VF
4u20,VIF,3001,DA,SP
4u24,DOL,3001,BA,VF
4u24,DOL,3001,DA,SP
4u25,VIR,3001,BA,VF
4u25,VIR,3001,DA,SP
4u3m,ANM,4218,1,DWA
4u3m,ANM,4260,5,AVC
4u4o,GET,2181,2,AQ
4u4q,HMT,4217,1,CWA
4u4q,HMT,4255,5,WUC
4u4u,3KD,4218,1,DWA
4u4u,3KD,4254,5,UUC
4u50,3L2,4212,1,WVA
4u50,3L2,4246,5,KUC
4u51,3KF,4212,1,XVA
4u51,3KF,4248,5,KUC
4u52,3J2,4209,1,UVA
4u52,3J2,4254,5,VUC
4u53,3J6,4213,1,XVA
4u53,3J6,4246,5,IUC
4u56,BLS,4211,1,WVA
4u6f,ZBA,4206,1,RVA
4u6f,ZBA,4256,5,WUC
4v4h,KSG,1601,AA,AD
4v4h,KSG,1601,CA,PJ
4v51,PAR,1816,AA,PL
4v51,PAR,1790,CA,FNA
4v52,NMY,1601,AA,AD
4v52,NMY,3001,BB,JF
4v52,NMY,1601,CA,RJ
4v52,NMY,3001,DB,CM
4v53,LLL,2061,AA,IF
4v53,LLL,2062,AA,JF
4v53,LLL,2063,AA,KF
4v53,LLL,3111,BB,RJ
4v53,LLL,2062,CA,CM
4v53,LLL,3112,DB,NQ
4v55,LLL,1661,AA,KF
4v55,LLL,3111,BB,RJ
4v55,LLL,1662,CA,CM
4v55,LLL,3112,DB,LQ
4v57,NMY,1601,AA,AD
4v57,NMY,3001,BB,KF
4v57,NMY,1601,CA,SJ
4v57,NMY,3001,DB,BM
4v5c,PAR,1814,AA,PL
4v5c,PAR,1817,CA,JOA
4v5d,PAR,1799,AA,AL
4v5d,PAR,1800,CA,CLA
4v5g,PAR,1601,AA,OD
4v5g,PAR,1601,CA,WD
4v5y,PAR,1661,AA,KF
4v5y,PAR,3111,BB,RJ
4v5y,PAR,1662,CA,CM
4v5y,PAR,3112,DB,LQ
4v64,HYG,2059,AA,GF
4v64,HYG,2062,CA,ZL
4v7t,CLM,3136,BA,WJ
4v7v,CLY,3135,BA,VJ
4v7w,CLM,3370,BA,MT
4v7w,CLM,3334,DA,GJA
4v8a,T8B,3001,AA,YC
4v8a,T8B,3001,BA,BD
4v8c,PAR,1841,CA,IHB
4v8c,PAR,1805,DA,CQB
4v8f,PAR,1715,BA,BFA
4v8f,PAR,1722,CA,XOA
4v8j,PAR,1694,AA,ZG
4v8j,PAR,1695,CA,IV
4v97,PAR,7111,AA,QH
4v97,PAR,1741,CA,MAA
4v9a,TAC,1833,AA,AM
4v9a,TAC,1805,CA,MUA
4v9b,T1C,1837,AA,GM
4v9b,T1C,1800,CA,KUA
4v9c,NMY,1656,AA,IF
4v9c,NMY,1657,AA,JF
4v9c,NMY,3161,BA,QL
4v9c,NMY,3167,BA,WL
4v9c,NMY,1672,CA,ZO
4v9c,NMY,3184,DA,CW
4v9c,NMY,3187,DA,FW
4v9c,NMY,3190,DA,IW
4v9q,BLS,4001,AA,ED
4v9q,BLS,4405,CA,ZJE
4w29,NMY,1601,AA,UD
4w29,NMY,2902,BA,WD
4w29,NMY,2903,BA,XD
4w29,NMY,2904,BA,YD
4w29,NMY,2901,DA,DE
4w2i,NEG,3216,AA,PL
4w2i,NEG,3218,AA,RL
4w2i,NEG,3219,AA,SL
4w2i,NEG,3004,AW,QM
4w2i,NEG,3013,AX,EN
4w2i,NEG,3170,CA,PCB
4w2i,NEG,3172,CA,RCB
4w2i,NEG,3173,CA,SCB
4w2i,NEG,3002,CW,LDB
4w90,2BA,201,C,C
4w90,2BA,202,C,D
4w92,2BA,208,C,J
4w92,2BA,209,C,K
4wf1,NEG,1657,CA,RP
4wfa,ZLD,3001,X,CA
4wfb,3LK,3001,X,CA
4wfb,EPE,3423,X,IQ
4wfn,ERY,2902,X,JA
4woi,PAR,1672,AA,ZF
4woi,PAR,3001,BA,BG
4woi,PAR,3005,BA,FG
4woi,PAR,3167,CA,GU
4woi,PAR,3168,CA,HU
4woi,PAR,1655,DA,SW
4wra,PAR,1745,13,SI
4wra,PAR,1686,1G,AGA
4wsd,PAR,1749,13,YI
4wsd,PAR,1697,1G,NIA
4wt8,3V6,3001,C1,PD
4wt8,3V6,3001,D1,RD
4wt8,PAR,1601,Ab,ND
4wt8,PAR,1601,Bb,OD
4x62,PAR,1601,A,X
4x62,PAR,1603,A,Z
4x62,PAR,1606,A,CA
4x64,PAR,1601,A,X
4x64,PAR,1603,A,Z
4x64,PAR,1606,A,CA
4x65,PAR,1601,A,X
4x65,PAR,1603,A,Z
4x65,PAR,1606,A,CA
4x66,PAR,1601,A,X
4x66,PAR,1603,A,Z
4x66,PAR,1606,A,CA
4xw7,AMZ,101,A,B
4xwf,AMZ,101,A,B
4y1i,GTP,201,A,C
4y1i,GTP,226,A,BA
4y1j,GTP,201,A,C
4y1j,GTP,202,B,YA
4y1m,GTP,212,B,N
4y1m,GTP,208,A,GB
4y4o,ARG,230,1B,PTA
4yaz,4BW,106,R,H
4yaz,4BW,103,A,L
4yb0,C2E,102,R,D
4yb0,C2E,102,A,K
4yb1,4BW,102,R,D
4ybb,1PE,3203,DA,QV
4ybb,PG4,1670,AA,SF
4ybb,PG4,1642,BA,RH
4ybb,PG4,3217,DA,EW
4yhh,T1C,1601,A,V
4zc7,PAR,101,A,E
4zc7,PAR,101,C,F
4zer,ARG,229,1B,UOA
4znp,AMZ,101,A,C
4znp,AMZ,101,B,F
5a9z,NMY,3001,AA,DB
5a9z,NMY,1601,BA,EB
5aa0,8AN,3002,AA,HB
5aa0,NMY,3001,AA,GB
5aa0,NMY,1601,BA,JB
5afi,FME,105,v,RE
5bjo,747,104,Y,K
5bjp,747,104,Y,L
5br8,PAR,1601,A,V
5br8,PAR,1603,A,X
5br8,PAR,1606,A,AA
5btp,AMZ,108,B,J
5btp,AMZ,106,A,Q
5c45,51B,105,X,G
5d5l,PRF,117,A,U
5d5l,PRF,109,B,JA
5d5l,PRF,104,C,QA
5d5l,PRF,106,D,ZA
5dge,SPS,4113,1,BRA
5dge,SPS,3403,5,CHB
5dm7,HGR,6178,X,DH
5dox,HGR,3749,1A,UFA
5dox,HGR,3515,2A,HKB
5doy,HGR,3915,1A,MMA
5el6,PAR,1730,13,EI
5el6,PAR,1681,1G,GDA
5el7,PAR,1749,13,XI
5el7,PAR,1691,1G,GHA
5fcj,ANM,3401,1,FO
5fjc,SAM,101,A,B
5fk1,SAM,1095,A,B
5fk2,SAM,1095,A,B
5fk3,SAM,1095,A,B
5fk4,SAM,1094,A,B
5fk5,SAM,1095,A,B
5fk6,SAM,1095,A,B
5fkd,SAM,1095,A,B
5fke,SAM,1095,A,B
5fkf,SAM,1095,A,B
5fkg,SAM,1095,A,B
5fkh,SAM,1095,A,B
5hl7,62B,3003,X,IA
5ib7,PAR,1702,1G,ZHA
5ib7,SPE,1703,1G,AIA
5ib7,SPE,3436,14,EZA
5ib8,SPE,3458,14,XBB
5ibb,SPE,1733,1G,UKA
5ibb,SPE,3446,14,KCB
5ibb,SPE,208,1J,TCB
5iqr,PAR,1665,2,PM
5it8,1PE,3200,DA,HW
5it8,PG4,1670,AA,SF
5it8,PG4,1642,BA,SH
5it8,PG4,3213,DA,UW
5j5b,1PE,3202,DA,GX
5j5b,PG4,1670,AA,SF
5j5b,PG4,1601,BA,GG
5j5b,PG4,3215,DA,TX
5j5b,TAC,1678,AA,AG
5j5b,TAC,1602,BA,HG
5j7l,1PE,3202,DA,KX
5j7l,PG4,1670,AA,SF
5j7l,PG4,1642,BA,WH
5j7l,PG4,3216,DA,YX
5j7l,TAC,1680,AA,CG
5j7l,TAC,1643,BA,XH
5j88,1PE,3203,DA,BX
5j88,PG4,1670,AA,SF
5j88,PG4,1642,BA,SH
5j88,PG4,3216,DA,OX
5j8a,1PE,3202,DA,IX
5j8a,PG4,1670,AA,SF
5j8a,PG4,1642,BA,VH
5j8a,PG4,3216,DA,WX
5j8a,T1C,1680,AA,CG
5j8a,T1C,1643,BA,WH
5j91,1PE,3202,DA,GX
5j91,PG4,1670,AA,SF
5j91,PG4,1642,BA,UH
5j91,PG4,3215,DA,TX
5j91,T1C,1677,AA,ZF
5j91,T1C,1643,BA,VH
5jc9,1PE,3205,DA,FX
5jc9,PG4,1670,AA,SF
5jc9,PG4,1642,BA,TH
5jc9,PG4,3218,DA,SX
5kpy,4PQ,101,A,B
5kx9,6YG,108,X,J
5lwj,GTP,101,A,B
5mei,7MB,4216,1,MKA
5mei,7MB,4239,AR,PGC
5ndg,GET,2012,2,KJ
5ndg,GET,3810,1,UZ
5ndg,GET,2014,6,DHA
5ndg,GET,3851,5,XYA
5ndj,8UZ,2201,13,ED
5ndj,8UZ,2201,1G,DL
5ndj,8UZ,3002,1H,WS
5ndj,8UZ,3003,1H,XS
5ndj,8UZ,3004,1H,YS
5ndj,8UZ,3005,1H,ZS
5ndj,8UZ,3002,14,PSA
5ndj,8UZ,3003,14,QSA
5ndj,8UZ,3004,14,RSA
5ndj,8UZ,3005,14,SSA
5ndk,8UZ,2201,13,ED
5ndk,8UZ,2201,1G,OK
5ndv,PAR,3401,1,AF
5ndv,PAR,3406,1,FF
5ndv,PAR,3423,1,WF
5ndv,PAR,3432,1,FG
5ndv,PAR,3434,1,HG
5ndv,PAR,202,4,MKA
5ndv,PAR,1901,2,VPA
5ndv,PAR,3402,5,TYA
5ndv,PAR,3405,5,WYA
5ndv,PAR,3419,5,KZA
5ndv,PAR,3426,5,RZA
5ndv,PAR,3428,5,TZA
5ndv,PAR,1903,6,TFC
5ndw,8UZ,3887,1,UX
5ndw,8UZ,3888,1,VX
5ndw,8UZ,3889,1,WX
5ndw,8UZ,3893,1,AY
5ndw,8UZ,3894,1,BY
5ndw,8UZ,2029,2,BDA
5ndw,8UZ,2031,2,DDA
5ndw,8UZ,220,4,LEA
5ndw,8UZ,3851,5,UVA
5ndw,8UZ,3855,5,YVA
5ndw,8UZ,3857,5,AWA
5nrg,95H,3001,X,AA
5o61,PHE,101,BW,MZ
5ob3,1TU,101,A,B
5ob3,SPM,104,A,E
5obm,LLL,3995,1,BCA
5obm,LLL,3997,1,DCA
5obm,LLL,4003,1,JCA
5obm,LLL,2044,2,PMA
5obm,LLL,4154,5,GQB
5obm,LLL,4161,5,NQB
5obm,LLL,4163,5,PQB
5obm,LLL,4166,5,SQB
5obm,LLL,4170,5,WQB
5obm,LLL,4175,5,BRB
5obm,LLL,4177,5,DRB
5obm,LLL,2170,6,GIC
5obm,LLL,2171,6,HIC
5obm,LLL,2172,6,IIC
5on6,HN8,4223,1,UKA
5on6,HN8,4263,AR,IIC
5t83,SPK,110,A,K
5tcu,PAR,1601,A,AB
5uyl,FME,101,W,IB
5uym,FME,101,W,BQ
5uyp,FME,101,W,IB
5uyq,FME,101,W,IB
5v1l,SPM,303,B,H
5v3f,74G,104,A,F
5v3f,74G,104,B,J
5v7q,917,5001,A,FA
5v8i,ARG,1001,1B,RLA
5vj9,SPM,103,B,I
5vjb,SPM,102,B,H
5vp2,M2D,4118,1A,HUA
5vp2,M2D,3864,2A,XTC
5wdt,FME,3001,A,HB
5we4,FME,101,v,BLB
5we6,FME,3001,A,HB
5wf0,FME,3001,A,HB
5wfk,FME,3001,A,HB
5wfs,FME,3001,A,HB
5wis,MT9,4113,1A,CUA
5wnt,B6M,1858,A,UJ
5wnu,B6M,1858,A,UJ
5wnv,B6M,1856,A,SJ
5xi1,MYC,101,S,C
5xi1,MYC,102,S,D
5xz1,GET,101,A,E
5xz1,GET,301,B,F
5xz1,GET,101,C,G
5xz1,GET,102,C,H
5z1h,FSJ,301,A,C
5z1i,FSJ,301,A,B
5z71,GET,201,B,C
5zei,GET,101,A,C
5zei,GET,101,B,D
5zej,PAR,101,B,C
6az1,PAR,2302,1,QA
6az1,PAR,2306,1,UA
6az3,PAR,1805,1,CB
6bfb,DKM,500,X,C
6c63,EKJ,101,A,D
6c63,EKJ,101,B,H
6c63,EKJ,101,C,K
6c64,EKM,101,A,D
6c64,EKM,101,B,H
6c65,EKJ,101,A,D
6c65,EKJ,101,B,H
6c65,EKJ,101,C,L
6cao,PAR,1603,A,Z
6cao,PAR,1606,A,CA
6cap,SIS,1792,A,GH
6caq,EUS,1809,A,XH
6car,SIS,1809,A,XH
6cas,EUS,1814,A,CI
6cb3,GTP,219,A,U
6cb3,GTP,221,B,AB
6cc1,GTP,214,A,P
6cc1,GTP,201,B,Q
6cc3,GTP,211,B,FA
6cfj,EZG,4030,1A,XQA
6cfj,EZG,3746,2A,TLC
6cfk,ARG,228,1B,QRA
6cfk,EZP,3987,1A,APA
6cfk,EZP,3709,2A,PHC
6cfl,ARG,232,1B,PTA
6cfl,EZM,4035,1A,WQA
6cfl,EZM,3691,2A,XIC
6chr,SPM,741,A,QA
6ck4,G4P,214,A,R
6ck4,G4P,208,B,Z
6ck4,G4P,211,C,KA
6ck4,G4P,211,D,WA
6ck4,GTP,201,A,E
6ck5,PRP,217,A,S
6ck5,PRP,216,B,IA
6czr,ARG,223,1B,EKA
6db8,G4A,101,R,D
6ddd,G6V,3001,1,BA
6ddg,G6M,3001,1,BA
6dlq,PRP,201,A,B
6dlr,PRP,201,A,B
6dls,PRP,201,A,B
6dlt,PRP,207,A,H
6dmc,G4P,201,A,C
6dmc,G4P,201,B,W
6dmd,G4P,201,A,C
6dmd,G4P,201,B,V
6dme,G4P,201,A,B
6dn1,GZ7,201,Z,G
6dn2,GZG,203,Y,I
6dn3,GZ4,201,Y,H
6dti,PAR,1601,A,X
6e1s,HLV,101,A,B
6e1u,HMJ,101,A,B
6e1v,HMV,101,A,B
6e1w,HNG,101,A,B
6e81,TFX,101,A,B
6e82,TFX,102,A,C
6e84,J0D,102,A,C
6e8t,HZG,101,C,G
6e8t,HZG,101,B,J
6e8u,HZD,106,B,G
6fz0,SAM,104,A,E
6g7z,MES,201,B,E
6gaw,SPM,3001,AA,JL
6gaz,SPM,3001,AA,OA
6gyv,MES,201,A,B
6gzk,FH8,101,A,B
6gzr,FH8,101,A,B
6hag,SAH,101,A,B
6hbt,FXQ,103,A,D
6hc5,FXT,105,A,F
6hmo,GDZ,101,A,C
6i7v,1PE,3065,DA,SJ
6i7v,PG4,1607,BA,OF
6jbf,V71,100,B,E
6jbg,S81,301,B,E
6jji,POH,104,B,E
6las,SAM,101,A,F
6las,SAM,101,B,G
6lau,GTP,103,A,H
6lau,SAH,101,A,F
6lau,SAH,101,B,I
6lax,SAM,101,A,F
6lax,SAM,101,B,G
6laz,E7X,102,A,G
6laz,E7X,101,B,H
6mkn,PAR,1601,A,X
6mpf,PAR,1601,A,X
6mpi,PAR,1693,A,LD
6n5k,2BA,201,A,B
6n5k,2BA,202,A,C
6n5n,2BA,201,A,B
6n5n,2BA,202,A,C
6n5o,2BA,201,A,B
6n5o,2BA,202,A,C
6n5p,2BA,201,A,B
6n5p,2BA,202,A,C
6n5q,2BA,201,A,B
6n5q,2BA,202,A,C
6n5s,2BA,202,A,C
6n5s,2BA,203,A,D
6n5t,2BA,201,A,B
6n5t,2BA,202,A,C
6nd5,CLM,4102,1A,RTA
6nd5,CLM,3888,2A,KUC
6o97,LUJ,4100,1A,PTA
6o97,LUJ,3852,2A,RSC
6od9,AMZ,102,A,D
6od9,AMZ,102,B,I
6of6,PAR,1711,QA,OH
6of6,PAR,1717,XA,YCA
6ofx,FME,101,5,CB
6oj2,PAR,1667,QA,WF
6oj2,PAR,1679,XA,BX
6om6,KKL,3301,1,CB
6ord,PAR,1794,XA,VYA
6p2h,GNG,101,A,B
6pc6,O7S,3001,I,H
6pc7,O7V,3001,I,H
6pc8,O7Y,3001,I,H
6pch,O8D,3001,I,H
6pcq,O8J,3001,I,H
6pcr,O8P,3001,I,H
6pcs,O8S,3001,I,H
6pct,O8V,3001,I,H
6pq7,OXV,102,C,C
6q57,T0A,101,A,B
6q57,T0A,102,A,C
6qiv,J4H,101,A,B
6qul,JJH,3370,A,MO
6qzp,HMT,5374,L5,QM
6qzp,HYG,2039,S2,CT
6rw4,SPM,1702,A,HA
6rw5,SPM,1702,A,IA
6s0x,ERY,3001,A,AB
6t3k,EPE,448,A,XA
6t3k,EPE,444,A,TA
6t3k,EPE,445,A,UA
6t3k,SPM,449,A,YA
6t3k,SPM,450,A,ZA
6t3n,EPE,426,A,AA
6t3n,EPE,428,A,CA
6t3n,EPE,429,A,DA
6t3r,EPE,447,A,WA
6t3r,EPE,454,A,DB
6t3r,SPM,452,A,BB
6t3r,SPM,453,A,CB
6t3s,EPE,428,A,CA
6t3s,EPE,430,A,EA
6t3s,EPE,431,A,FA
6tb7,AMP,101,A,B
6tf0,NAI,111,A,L
6tf1,ADP,109,A,J
6tf2,ATP,109,A,J
6tf3,3AT,109,A,J
6tfe,N6E,117,A,R
6tff,NAD,109,A,J
6tfg,PPS,112,A,M
6tfh,NAD,110,A,K
6uc7,Q44,109,B,J
6uc8,ANG,101,B,B
6uc9,CMG,109,B,J
6uej,SPM,101,B,G
6uet,SAM,301,A,B
6up0,YO3,104,C,F
6up0,YO3,104,D,K
6v39,FME,3001,AN1,CB
6v9b,QSA,101,D,G
6v9d,QW4,101,E,H
6va2,QSV,101,A,C
6va3,MQC,101,A,C
6va4,QSY,101,B,C
6vui,PRF,101,A,B
6wqn,ZC0,3001,1,BA
6wqq,RD8,3001,1,BA
6wrs,U7V,3001,1,BA
6wru,U7Y,3001,1,CA
6wtl,2BA,201,A,B
6wtl,2BA,202,A,C
6wtr,2BA,201,A,B
6wtr,2BA,202,A,C
6wzr,UG1,106,A,H
6wzr,UG1,103,B,K
6wzs,UG4,107,B,I
6wzs,UG4,107,A,P
6xb7,UYS,101,A,B
6xhx,ARG,233,1B,QRA
6xkn,PRF,201,A,B
6xko,PRF,201,A,B
6xqd,V7A,1835,1a,JJB
6xqd,V7A,3210,2a,RCD
6xqe,V7A,3213,1a,PGB
6xqe,V7A,1817,2a,GAD
6xrq,V8A,102,A,F
6xrq,V8A,103,A,G
6y69,OCW,3001,A,CB
6y6x,OCW,5315,L5,AJ
6ydp,SPM,16801,AA,VC
6ydw,SPM,16801,AA,YC
6yl5,SAH,101,C,W
6yl5,SAH,101,G,FA
6ylb,SAM,101,C,O
6ylb,SAM,101,I,R
6ylb,SAM,101,O,U
6ymi,AMP,102,C,Q
6ymi,AMP,102,I,V
6ymi,CBV,101,C,P
6ymi,CBV,101,I,U
6ymk,MTA,101,C,O
6ymk,MTA,101,I,U
6ymk,MTA,101,O,Y
6yml,DSH,101,C,H
6ymm,SAM,101,C,H
6ypu,AKN,1607,4,WB
7a3y,BER,101,A,C
7b5k,SY5,1714,a,YO
7b5k,SY5,1715,a,ZO
7d12,L94,101,A,B
7d7v,GTP,101,A,C
7d7v,NAD,110,A,L
7d7w,GTP,101,A,B
7d7w,NAD,102,A,C
7d7x,ADP,110,A,K
7d7x,GTP,101,A,B
7d7y,ATP,102,A,C
7d7y,GTP,101,A,B
7d7z,GTP,101,A,B
7d7z,NAD,129,A,DA
7d81,NAD,104,A,E
7d82,NAD,108,A,I
7dug,HJR,1601,A,X
7duh,HJO,1601,A,X
7dui,HKO,1601,A,X
7duj,SIS,1833,A,VI
7duk,SIS,1835,A,XI
7dul,SIS,1835,A,XI
7dwh,SAM,102,X,H
7dwh,SAM,102,Y,J
7e9e,J0C,101,A,B
7e9i,J0C,101,A,B
7eaf,SAM,101,A,B
7edl,GET,101,A,C
7edl,GET,101,B,E
7edm,GET,101,B,E
7edm,GET,102,B,F
7edt,SPM,401,A,C
7elp,GTP,101,B,S
7eog,J8F,102,A,C
7eoh,J8F,101,A,B
7eoi,J8F,101,A,B
7eoj,J8F,101,A,B
7eok,J8L,102,A,C
7eol,J8O,107,A,H
7eom,J8R,102,A,C
7eon,J8U,102,A,C
7eoo,J8X,102,A,C
7eop,J93,107,A,H
7fhi,53D,101,A,B
7fj0,53D,101,A,B
7k00,PAR,1601,A,EB
7k00,SPM,6223,a,KN
7kvt,2ZY,101,B,B
7kvu,2ZY,106,G,G
7kvv,747,302,D,C
7l0z,SPM,103,G,D
7l0z,SPM,104,G,E
7lh5,EDS,1805,AA,KL
7lh5,EDS,1787,CA,LNA
7m4u,YQM,1601,a,V
7m4w,YQM,1601,a,LG
7m4x,YQM,1601,a,MG
7m4y,YQM,1601,a,PG
7md7,ARG,228,1B,TSA
7mkt,MMP,101,A,B
7n1p,ATP,3003,23,XF
7n2c,ATP,3002,23,DD
7n2u,ATP,3002,23,TE
7n2v,ATP,3003,23,DE
7n30,ATP,3002,23,HE
7n31,ATP,3002,23,KD
7nqh,SPM,3001,AA,GD
7nql,SPM,3001,AA,NL
7nsi,SPM,3001,AA,ED
7nsj,SPM,3001,AA,FD
7o7y,SPM,1909,A2,QC
7o7z,SPM,1909,A2,QC
7oa3,V5Z,101,A,C
7oa3,V5Z,101,B,K
7oav,GTP,102,C,Q
7oav,V5Z,101,A,E
7oav,V5Z,101,B,K
7oav,V5Z,101,C,P
7oav,V5Z,101,D,T
7oaw,GTP,101,B,K
7oaw,GTP,102,C,Q
7oaw,SPM,101,C,P
7oaw,V6T,104,A,H
7oaw,V6T,104,B,N
7oaw,V6T,105,C,T
7oaw,V6T,104,D,Y
7oax,SPM,102,B,N
7oax,SPM,102,D,CA
7oax,V5Z,102,A,F
7oax,V5Z,103,B,O
7oax,V5Z,103,C,W
7oax,V5Z,103,D,DA
7oiz,PAR,1601,A,DB
7ood,CLM,3026,3,EB
7otc,ATP,3001,A,KD
7p2e,SPM,1702,A,HA
7p3k,CLM,6206,a,OM
7phb,CLM,3001,3,EB
7pjs,AM2,1684,a,YO
7pjs,AM2,1685,a,ZO
7pjs,AM2,1689,a,DP
7pjv,AM2,1657,a,HO
7pjy,AM2,1628,a,IN
7pjy,AM2,1636,a,QN
7q0p,ANM,3403,1,EC
7q0r,BLS,3403,1,EC
7qi4,SPM,1702,AA,RC
7qi5,SPM,1702,AA,RC
7qi6,SPM,1702,AA,QC
7rqa,ARG,231,1B,BSA
7rqb,ARG,231,1B,MRA
7rqc,ARG,231,1B,VRA
7rqe,ARG,231,1B,RRA
7rwr,FMN,101,A,B
7ryf,80P,1601,a,CB
7ryg,80P,1601,a,CB
7ryh,80P,1601,a,AB
7s1h,ZLD,3114,I,UI
7s1j,RD8,3112,I,NI
7szu,J8F,103,R,F
7td7,VIB,104,A,E
7tda,TPP,201,A,B
7tdb,GMI,101,A,B
7tdc,GMI,101,A,B
7tzr,KWU,101,X,C
7tzr,KWU,101,Y,G
7tzt,KXC,104,A,E
7tzu,KWL,101,A,B
7u0y,KY6,301,R,D
7u2i,CLM,4097,1A,MTA
7u2i,CLM,3863,2A,ISC
7ucj,MQ6,5296,5,OJ
7uck,MQ6,5294,5,MJ
7uoo,B3P,3478,1,HE
7uoo,B3P,3479,1,IE
7uqb,B3P,3401,1,IB
7uqb,B3P,3402,1,JB
7uqz,B3P,3478,1,HE
7uqz,B3P,3479,1,IE
7uvy,OIY,3003,A,EB
7uvy,OIY,3004,A,FB
7uvy,OIY,3005,A,GB
7uvz,OIY,3002,A,DB
7uvz,OIY,3005,A,GB
7uvz,OIY,3006,A,HB
7uw1,OIY,3002,A,BB
7uw1,OIY,3004,A,DB
7uw1,OIY,3005,A,EB
7v08,B3P,3475,1,EE
7v08,B3P,3476,1,FE
7wib,THG,101,V,B
7wif,H4B,101,V,B
7wii,NPR,101,V,B
7yc8,GTP,501,N,B
7ycg,GTP,501,N,C
7ych,GTP,501,N,C
7yci,GTP,501,N,C
7zj4,1TU,402,E,C
7zj4,J93,401,E,B
8a3d,HMT,5455,A,JO
8a5i,3QB,3156,A,EG
8akn,SPM,6209,a,TM
8am9,SPM,3209,a,FM
8ana,SPM,6209,a,JI
8any,SPM,1702,AA,TC
8auv,SPM,2017,h,VE
8aye,T8B,1689,A,PE
8b2l,SPM,2018,h1,SG
8btk,SPM,1909,A2,YZ
8c3a,TIX,3958,1,SAA
8c3a,TIX,3782,AS,FAB
8ca7,U3B,1602,A,K
8cai,HY0,1603,A,R
8cai,HY0,1605,A,T
8cf1,TAC,1601,A,K
8cf2,ULR,101,A,C
8cf8,YQM,1601,A,J
8cgd,CLY,3002,a,GA
8cgi,P8F,1601,A,J
8cgj,TAC,1604,A,T
8cgk,3QB,3002,a,EA
8cgr,AM2,1603,A,Q
8cgr,AM2,1604,A,R
8cgr,AM2,1605,A,S
8cgu,LLL,1603,A,Q
8cgu,LLL,1606,A,T
8cgv,MUL,3003,a,GA
8crx,V7A,1601,A,CB
8crx,V7A,3101,a,TE
8cvm,V7A,3101,a,RA
8cvo,V7A,1601,A,J
8d28,TEP,101,B,C
8d28,TEP,101,A,J
8d2a,QB3,101,A,C
8d2a,QB3,101,B,G
8d2b,QAX,101,A,C
8d2b,QAX,101,B,H
8d5l,QIJ,101,A,E
8d5l,QIJ,101,B,J
8d5l,QIJ,101,C,O
8d5l,QIJ,101,D,T
8d5o,QEU,101,A,C
8d5o,QEU,101,B,D
8e30,UE6,3001,I,K
8e36,UEC,3001,I,K
8e43,UI0,3001,I,K
8e44,UI9,3001,I,K
8e48,UIF,3001,I,K
8e49,UH0,3001,I,K
8eiu,PAR,1601,A,FB
8eiu,SPM,6205,a,XL
8ekc,T8B,3133,a,FG
8emm,PAR,1601,A,CL
8emm,SPM,6219,a,NJ
8ev6,AKN,3936,1A,HNA
8ev6,AKN,1913,1a,BDB
8ev6,AKN,3576,2A,BBC
8ev6,AKN,1911,2a,XOC
8ev7,KAN,3933,1A,ENA
8ev7,KAN,3935,1A,GNA
8ev7,KAN,1955,1a,FEB
8ev7,KAN,3568,2A,ACC
8ev7,KAN,3569,2A,BCC
8ev7,KAN,1828,2a,JMC
8eyu,X5R,103,B,E
8eyu,X5R,104,A,I
8eyv,747,103,B,I
8eyv,747,104,A,F
8eyw,TFX,104,B,F
8eyw,TFX,103,A,I
8f0n,747,103,B,E
8f0n,747,104,A,I
8f4o,PG4,113,B,GA
8fc1,ARG,230,1B,ISA
8fc2,ARG,230,1B,PRA
8fc3,ARG,230,1B,LRA
8fc4,ARG,230,1B,TRA
8fc4,HGR,3671,2A,QIC
8fc5,ARG,230,1B,ZRA
8fc6,ARG,231,1B,ORA
8fto,FME,4196,a,SL
8fza,PRF,101,A,C
8fza,PRF,101,B,F
8g4w,PRF,101,R,I
8g5y,ANM,5501,L5,EI
8g5z,ANM,5101,L5,EH
8g60,ANM,5101,L5,AH
8g61,ANM,5301,L5,DF
8g6j,HMT,5118,L5,OG
8g6w,PAR,1601,A,FB
8g6x,SPM,6213,a,MI
8g7e,PRF,101,R,I
8g7q,PAR,1601,a,GB
8g7r,PAR,1601,a,EB
8g8z,PRF,101,R,I
8glp,ANM,5101,L5,TI
8gxb,NAD,101,A,H
8gxb,NAD,101,B,S
8gxc,NMN,101,A,H
8gxc,NMN,101,B,O
8hb1,NMN,101,B,F
8hb1,NMN,102,B,G
8hb3,NNR,101,A,C
8hb3,NNR,101,B,D
8hb8,NMN,101,A,B
8hb8,NMN,102,A,C
8hba,NAD,101,A,C
8hba,NAD,102,A,D
8hba,NAD,101,B,E
8hba,NMN,102,B,F
8i3z,NMN,101,B,D
8i3z,NMN,102,B,E
8i43,53D,20,A,B
8i44,53D,20,A,B
8i45,53D,20,A,B
8i46,53D,20,A,B
8i7n,OJI,529,N,DA
8ifb,84D,1738,A,KG
8ifb,84D,1739,A,LG
8ifb,84D,3255,a,RQ
8ifb,84D,3256,a,SQ
8ifb,84D,3257,a,TQ
8ifb,84D,3258,a,UQ
8ifb,84D,3260,a,WQ
8ifb,84D,3261,a,XQ
8ifb,84D,3262,a,YQ
8ifb,SPM,3180,a,UN
8ifc,84G,1791,A,LI
8ifc,84G,1792,A,MI
8ifc,84G,1793,A,NI
8ifc,84G,6249,a,US
8ifc,84G,6250,a,VS
8ifc,84G,6252,a,XS
8ifc,84G,6253,a,YS
8ifc,84G,6254,a,ZS
8ifc,84G,6255,a,AT
8ifc,SPM,6204,a,BR
8ifd,84D,5101,1A,CC
8ifd,84D,5107,1A,IC
8ifd,84D,5110,1A,LC
8ifd,84D,5111,1A,MC
8ifd,84D,1901,2m,CO
8ife,84G,5101,1A,CC
8ife,84G,5102,1A,DC
8ife,84G,5110,1A,LC
8ife,84G,5116,1A,RC
8ife,84G,5117,1A,SC
8p2k,SPM,1912,A2,VAA
8peg,ATP,3194,7,WI
8r62,Y59,101,A,C
8r63,Y53,101,B,C
8r8p,YB3,101,B,C
8syl,AKN,3099,a,YE
8syl,AKN,3360,A,ZS
8t8b,ARG,231,1B,DRA
8t8c,ARG,230,1B,CSA
8u5k,VK0,104,A,G
8u5k,VK0,103,B,J
8u5k,VK0,104,C,N
8u5p,VKI,104,A,G
8u5t,VLR,105,A,H
8u5t,VLR,104,B,L
8u5t,VLR,103,C,O
8u5z,W6F,104,B,M
8u5z,W6F,103,C,P
8u60,VK0,105,A,H
8u60,VK0,105,B,M
8u60,VK0,105,C,R
8uiw,CTI,202,N,H
8uiw,CTI,205,R,M
8uta,PRL,204,N,J
8uta,PRL,204,R,N
4w2i,NEG,3220,BA,TL
4w2i,NEG,3221,BA,UL
4w2i,NEG,3174,DA,TCB
4w2i,NEG,3175,DA,UCB
4w2i,NEG,3004,DA,QDB
4tua,PAR,1715,XA,EY
4tub,PAR,1710,XA,AY
4tud,PAR,1705,XA,OW
4tue,PAR,1715,XA,BY
4z3s,4M2,3673,2A,NCC
5doy,HGR,3652,2A,ZCC
6az3,PAR,1604,2,AC
6az3,PAR,1605,2,BC
6ymj,ADN,102,C,Q
6ymj,ADN,102,I,U
7rqd,ARG,1001,1B,XRA
4ts2,38E,104,Y,H
6yl5,SAH,101,K,NA
6ymi,AMP,102,O,Z
6ymj,ADN,102,O,AA
7tql,5GP,101,3,NA
8ceu,G34,3001,a,NA
